bid,ask 
0.012097,0.012103
0.012099,0.012103
0.012099,0.012103
0.012099,0.012103
0.012099,0.012103
